{"train_auc": 0.48932996677358453, "valid_auc": 0.5219528525825754, "train_loss": 39.524497985839844, "valid_loss": 38.88483810424805, "_runtime": 162, "_timestamp": 1622711646, "_step": 31}