{"train_auc": 0.5114752033700396, "valid_auc": 0.48255383440456345, "train_loss": 39.88231658935547, "valid_loss": 38.990055084228516, "_runtime": 36, "_timestamp": 1622711432, "_step": 2}